 --inserindo PESSOAS (12 no total)
INSERT INTO PESSOA (CPF, GENERO, NOME,DATA_NASC) VALUES ('097884027-2', 'F', 'ODILEIA PIRES CALVALCANTI', to_date ('21/02/1980', 'dd/mm/yyyy') );
INSERT INTO PESSOA (CPF, GENERO, NOME,DATA_NASC) VALUES ('108995138-3', 'F', 'SORAYA MONTENEGRO LAGOS', to_date ('22/03/1990', 'dd/mm/yyyy') );
INSERT INTO PESSOA (CPF, GENERO, NOME,DATA_NASC) VALUES ('219006249-4', 'M', 'JOSE PADILHA MORAIS', to_date ('01/04/1975', 'dd/mm/yyyy') );
INSERT INTO PESSOA (CPF, GENERO, NOME,DATA_NASC) VALUES ('320117350-5', 'F', 'CINTIA JESSICA LOPES', to_date ('02/02/1992', 'dd/mm/yyyy') );
INSERT INTO PESSOA (CPF, GENERO, NOME,DATA_NASC) VALUES ('231228461-6', 'M', 'MARCOS HENRIQUE DE ARRUDA', to_date ('4/07/1990', 'dd/mm/yyyy') );
INSERT INTO PESSOA (CPF, GENERO, NOME,DATA_NASC) VALUES ('389939572-7', 'M', 'PLINIO GENRO DA SILVA', to_date ('29/06/1987', 'dd/mm/yyyy') );
INSERT INTO PESSOA (CPF, GENERO, NOME,DATA_NASC) VALUES ('490040683-8', 'F', 'LUIZA PENELOPE GUIMARAES', to_date ('15/08/1979', 'dd/mm/yyyy') );
INSERT INTO PESSOA (CPF, GENERO, NOME,DATA_NASC) VALUES ('501131794-9', 'M', 'LUCAS CARNEIRO DE OLIVEIRA', to_date ('3/12/1995', 'dd/mm/yyyy') ); 
INSERT INTO PESSOA (CPF, GENERO, NOME,DATA_NASC) VALUES ('612242803-0', 'M', 'KRISTOVAO PEDRAGULHO SANTOS', to_date ('11/04/1991', 'dd/mm/yyyy') );
INSERT INTO PESSOA (CPF, GENERO, NOME,DATA_NASC) VALUES ('445678990-2', 'F', 'CRISTINA MARIA CARVALHO', to_date ('17/09/1984', 'dd/mm/yyyy') );
INSERT INTO PESSOA (CPF, GENERO, NOME,DATA_NASC) VALUES ('375811200-7', 'M', 'JULIO CESAR PASCOAL', to_date ('07/07/1987', 'dd/mm/yyyy') );
INSERT INTO PESSOA (CPF, GENERO, NOME,DATA_NASC) VALUES ('076899121-2', 'M', 'GUSTAVO OLIMPIO BUZZATO', to_date ('24/05/1994', 'dd/mm/yyyy') );


--inserindo telefone (17 no total)
INSERT INTO TELEFONE (CPF_PESSOA, DDD, NUMERO) VALUES ('501131794-9', 81, 34456767);
INSERT INTO TELEFONE (CPF_PESSOA, DDD, NUMERO) VALUES ('501131794-9', 81, 96974444);
INSERT INTO TELEFONE (CPF_PESSOA, DDD, NUMERO) VALUES ('612242803-0', 81, 87010870);
INSERT INTO TELEFONE (CPF_PESSOA, DDD, NUMERO) VALUES ('612242803-0', 81, 99675122);
INSERT INTO TELEFONE (CPF_PESSOA, DDD, NUMERO) VALUES ('097884027-2', 81, 32263036);
INSERT INTO TELEFONE (CPF_PESSOA, DDD, NUMERO) VALUES ('375811200-7', 81, 34491038);
INSERT INTO TELEFONE (CPF_PESSOA, DDD, NUMERO) VALUES ('445678990-2', 81, 98988731);
INSERT INTO TELEFONE (CPF_PESSOA, DDD, NUMERO) VALUES ('490040683-8', 81, 32228182);
INSERT INTO TELEFONE (CPF_PESSOA, DDD, NUMERO) VALUES ('389939572-7', 81, 32275657);
INSERT INTO TELEFONE (CPF_PESSOA, DDD, NUMERO) VALUES ('231228461-6', 81, 98974688);
INSERT INTO TELEFONE (CPF_PESSOA, DDD, NUMERO) VALUES ('320117350-5', 81, 89496877);
INSERT INTO TELEFONE (CPF_PESSOA, DDD, NUMERO) VALUES ('219006249-4', 81, 32214667);
INSERT INTO TELEFONE (CPF_PESSOA, DDD, NUMERO) VALUES ('108995138-3', 81, 88527084);
INSERT INTO TELEFONE (CPF_PESSOA, DDD, NUMERO) VALUES ('076899121-2', 81, 34456767);
INSERT INTO TELEFONE (CPF_PESSOA, DDD, NUMERO) VALUES ('076899121-2', 81, 85584230);
INSERT INTO TELEFONE (CPF_PESSOA, DDD, NUMERO) VALUES ('076899121-2', 81, 98534968);
INSERT INTO TELEFONE (CPF_PESSOA, DDD, NUMERO) VALUES ('219006249-4', 81, 99656948);




--inserindo funcionário (6 no total)
--JOSE P
INSERT INTO FUNCIONARIO (CPF, DATA_ADMISSAO, SALARIO, MATRICULA) VALUES ('219006249-4', to_date ('21/02/2009', 'dd/mm/yyyy'), 880.00, 001);
--CINTIA
INSERT INTO FUNCIONARIO (CPF, DATA_ADMISSAO, SALARIO, MATRICULA) VALUES ('320117350-5', to_date ('25/02/2009', 'dd/mm/yyyy'), 880.00, 002);
--LUIZA
INSERT INTO FUNCIONARIO (CPF, DATA_ADMISSAO, SALARIO, MATRICULA) VALUES ('490040683-8', to_date ('03/01/2010', 'dd/mm/yyyy'), 880.00, 003);
--JULIO
INSERT INTO FUNCIONARIO (CPF, DATA_ADMISSAO, SALARIO, MATRICULA) VALUES ('375811200-7', to_date ('21/02/2009', 'dd/mm/yyyy'), 1500.00, 004);
--GUSTAVO
INSERT INTO FUNCIONARIO (CPF, DATA_ADMISSAO, SALARIO, MATRICULA) VALUES ('076899121-2', to_date ('21/02/2009', 'dd/mm/yyyy'), 1500.00, 005);
--SORAYA
INSERT INTO FUNCIONARIO (CPF, DATA_ADMISSAO, SALARIO, MATRICULA) VALUES ('108995138-3', to_date ('21/02/2009', 'dd/mm/yyyy'), 1500.00, 006);


--inserindo clientes (6 no total)
--ODILEIA
INSERT INTO CLIENTE (CPF, DATA_CAD, ID_CAD, PONTOS) VALUES ('097884027-2', to_date ('21/02/2016', 'dd/mm/yyyy'), 4549, 10);
--MARCOS
INSERT INTO CLIENTE (CPF, DATA_CAD, ID_CAD, PONTOS) VALUES ('231228461-6', to_date ('01/01/2015', 'dd/mm/yyyy'), 3002, NULL);
--PLINIO
INSERT INTO CLIENTE (CPF, DATA_CAD, ID_CAD, PONTOS) VALUES ('389939572-7', to_date ('01/01/2015', 'dd/mm/yyyy'), 3001, 100);
--LUCAS
INSERT INTO CLIENTE (CPF, DATA_CAD, ID_CAD, PONTOS) VALUES ('501131794-9', to_date ('07/08/2015', 'dd/mm/yyyy'), 3507, NULL);
--KRISTOVAO
INSERT INTO CLIENTE (CPF, DATA_CAD, ID_CAD, PONTOS) VALUES ('612242803-0', to_date ('08/12/2015', 'dd/mm/yyyy'), 3780, 257);
--CRISTINA
INSERT INTO CLIENTE (CPF, DATA_CAD, ID_CAD, PONTOS) VALUES ('445678990-2', to_date ('03/03/2016', 'dd/mm/yyyy'), 4591, 2000);



--inserindo atendentes (3 no total) --UM ATENDENTE CHEFIA VARIOS
--JOSE -- chefe
INSERT INTO ATENDENTE (CPF, GRAU_ESC, CPF_CHEFE) VALUES ('219006249-4', 'ENSINO MEDIO INCOMPLETO', '219006249-4');
--CINTIA
INSERT INTO ATENDENTE (CPF, GRAU_ESC, CPF_CHEFE) VALUES ('320117350-5', 'ENSINO MEDIO COMPLETO', '219006249-4');
--LUIZA
INSERT INTO ATENDENTE (CPF, GRAU_ESC, CPF_CHEFE) VALUES ('490040683-8', 'ENSINO MEDIO COMPLETO', '219006249-4');





--inserindo mecanicos (3 no total)
--JULIO
INSERT INTO MECANICO (CPF, COD_CERTIFICADO, DATA_CONCLUSAO, INSTITUICAO) VALUES ('375811200-7', 565655, to_date ('01/07/2005', 'dd/mm/yyyy'), 'IFPE');
--GUSTAVO
INSERT INTO MECANICO (CPF, COD_CERTIFICADO, DATA_CONCLUSAO, INSTITUICAO) VALUES ('076899121-2', 502037, to_date ('01/07/2008', 'dd/mm/yyyy'), 'SENAI');
--SORAYA
INSERT INTO MECANICO (CPF, COD_CERTIFICADO, DATA_CONCLUSAO, INSTITUICAO) VALUES ('108995138-3', 675757, to_date ('01/07/2005', 'dd/mm/yyyy'), 'GRAU TECNICO');


--inserindo atende (9 no total)
--JOSE ATENDE ODILEIA
INSERT INTO ATENDE (CPF_ATEND, CPF_CLIENTE) VALUES ('219006249-4', '097884027-2');
--JOSE ATENDE MARCOS
INSERT INTO ATENDE (CPF_ATEND, CPF_CLIENTE) VALUES ('219006249-4', '231228461-6');
--CINTIA ATENDE ODILEIA
INSERT INTO ATENDE (CPF_ATEND, CPF_CLIENTE) VALUES ('320117350-5', '097884027-2'); 
--LUIZA ATENDE PLINIO
INSERT INTO ATENDE (CPF_ATEND, CPF_CLIENTE) VALUES ('490040683-8', '389939572-7');
--LUIZA ATENDE LUCAS 
INSERT INTO ATENDE (CPF_ATEND, CPF_CLIENTE) VALUES ('490040683-8', '501131794-9');
--CINTIA ATENDE KRISTOVAO 
INSERT INTO ATENDE (CPF_ATEND, CPF_CLIENTE) VALUES ('320117350-5', '612242803-0');
--JOSE ATENDE CRISTINA 
INSERT INTO ATENDE (CPF_ATEND, CPF_CLIENTE) VALUES ('219006249-4', '445678990-2');
--LUIZA ATENDE CRISTINA
INSERT INTO ATENDE (CPF_ATEND, CPF_CLIENTE) VALUES ('490040683-8', '445678990-2');
--CINTIA ATENDE PLINIO
INSERT INTO ATENDE (CPF_ATEND, CPF_CLIENTE) VALUES ('320117350-5', '389939572-7');
--JOSE ATENDE MARCOS
INSERT INTO ATENDE (CPF_ATEND, CPF_CLIENTE) VALUES ('219006249-4', '501131794-9');
--LUIZA ATENDE  KRISTOVAO
INSERT INTO ATENDE (CPF_ATEND, CPF_CLIENTE) VALUES ('490040683-8', '612242803-0');



--inserindo carro(9 no total)
INSERT INTO CARRO (PLACA, COR, ANO, MODELO) VALUES ('KLB0876', 'ROSA', 1992, 'Adamo');
INSERT INTO CARRO (PLACA, COR, ANO, MODELO) VALUES ('GLS1234', 'AMARELO', 1999, 'Alfa Romeo');
INSERT INTO CARRO (PLACA, COR, ANO, MODELO) VALUES ('JBJ2122', 'AZUL', 2005, 'Avallone');
INSERT INTO CARRO (PLACA, COR, ANO, MODELO) VALUES ('LUB5432', 'VERMELHO', 2013, 'Aurora');
INSERT INTO CARRO (PLACA, COR, ANO, MODELO) VALUES ('IJK8000', 'PRATA', 2010, 'BMW');
INSERT INTO CARRO (PLACA, COR, ANO, MODELO) VALUES ('KWY0102', 'ROXO', 2001, 'Brasinca');
INSERT INTO CARRO (PLACA, COR, ANO, MODELO) VALUES ('AVC5567', 'LARANJA', 2000, 'CBT');
INSERT INTO CARRO (PLACA, COR, ANO, MODELO) VALUES ('HIV6666', 'BRANCO', 2016, 'Chery');
INSERT INTO CARRO (PLACA, COR, ANO, MODELO) VALUES ('SIS9816', 'CINZA', 1990, 'Citroën');

--inserindo CARROCLIENTE (9 no total)
--ODILEIA --ADAMO
INSERT INTO CARROCLIENTE (PLACA_CARRO, CPF_CLIENTE) VALUES ('KLB0876', '097884027-2');
--ODILEIA --ALFA ROMEO
INSERT INTO CARROCLIENTE (PLACA_CARRO, CPF_CLIENTE) VALUES ('GLS1234', '097884027-2');
--MARCOS -- AVALLONE
INSERT INTO CARROCLIENTE (PLACA_CARRO, CPF_CLIENTE) VALUES ('JBJ2122', '231228461-6');
--MARCOS -- AURORA
INSERT INTO CARROCLIENTE (PLACA_CARRO, CPF_CLIENTE) VALUES ('LUB5432', '231228461-6');
--PLINIO -- BMW
INSERT INTO CARROCLIENTE (PLACA_CARRO, CPF_CLIENTE) VALUES ('IJK8000', '389939572-7');
--PLINIO -- BRASINCA
INSERT INTO CARROCLIENTE (PLACA_CARRO, CPF_CLIENTE) VALUES ('KWY0102', '389939572-7');
--LUCAS -- CBT 
INSERT INTO CARROCLIENTE (PLACA_CARRO, CPF_CLIENTE) VALUES ('AVC5567', '501131794-9');
--KRISTOVAO -- CHERY 
INSERT INTO CARROCLIENTE (PLACA_CARRO, CPF_CLIENTE) VALUES ('HIV6666', '612242803-0');
--CRISTINA --CITROEN
INSERT INTO CARROCLIENTE (PLACA_CARRO, CPF_CLIENTE) VALUES ('SIS9816', '445678990-2');


--inserindo promoção (4 ao todo)
INSERT INTO PROMOCAO (CD_PROMOCAO, VALOR, DESC_PROMOCAO) VALUES (3333, -20,'DESCONTO DE 20% NO PNEU');
INSERT INTO PROMOCAO (CD_PROMOCAO, VALOR, DESC_PROMOCAO) VALUES (4444, 100, '100 REAIS EM BONUS');
INSERT INTO PROMOCAO (CD_PROMOCAO, VALOR, DESC_PROMOCAO) VALUES (5555, 400, '400 REIAS EM BONUS');
INSERT INTO PROMOCAO (CD_PROMOCAO, VALOR, DESC_PROMOCAO) VALUES (6666, 1000, '1000 EM BONUS');





--inserindo servico (9 ao todo)
INSERT INTO SERVICO (OS, PRAZO, VALOR, DESCRICAO, HORA, PLACA_CARRO) VALUES (345, to_date ('02/07/2016', 'dd/mm/yyyy'), 3000, 'LIMPEZA GERAL', '7H30M', 'KLB0876');
INSERT INTO SERVICO (OS, PRAZO, VALOR, DESCRICAO, HORA, PLACA_CARRO) VALUES (567, to_date ('25/05/2016', 'dd/mm/yyyy'), 800, 'TROCA DE PNEU', '18H00M', 'GLS1234');
INSERT INTO SERVICO (OS, PRAZO, VALOR, DESCRICAO, HORA, PLACA_CARRO) VALUES (878, to_date ('01/02/2017', 'dd/mm/yyyy'), 500, 'TROCA PARABRISAS', '15H29M', 'JBJ2122');
INSERT INTO SERVICO (OS, PRAZO, VALOR, DESCRICAO, HORA, PLACA_CARRO) VALUES (192, to_date ('25/12/2016', 'dd/mm/yyyy'), 10, 'MOTOR', '10H15M', 'LUB5432');
INSERT INTO SERVICO (OS, PRAZO, VALOR, DESCRICAO, HORA, PLACA_CARRO) VALUES (535, to_date ('04/08/2016', 'dd/mm/yyyy'), 500, 'TROCAR OLEO', '17H59M', 'IJK8000');
INSERT INTO SERVICO (OS, PRAZO, VALOR, DESCRICAO, HORA, PLACA_CARRO) VALUES (171, to_date ('07/06/2016', 'dd/mm/yyyy'), 900, 'CONSERTO DA PORTA', '13H30M', 'KWY0102');
INSERT INTO SERVICO (OS, PRAZO, VALOR, DESCRICAO, HORA, PLACA_CARRO) VALUES (520, to_date ('07/02/2017', 'dd/mm/yyyy'), 10, 'LIMPAR O VIDRO', '18H00M', 'AVC5567');
INSERT INTO SERVICO (OS, PRAZO, VALOR, DESCRICAO, HORA, PLACA_CARRO) VALUES (143, to_date ('30/04/2017', 'dd/mm/yyyy'), 300, 'INSTALAR DVD', '11H47M', 'HIV6666');
INSERT INTO SERVICO (OS, PRAZO, VALOR, DESCRICAO, HORA, PLACA_CARRO) VALUES (420, to_date ('05/07/2017', 'dd/mm/yyyy'), 600, 'COMPRAR GPS', '09H12M', 'SIS9816');






--inserindo realiza (9 ao todo) -- n clientes atendido por um unico mecanico 
--odileia atendida por julio
INSERT INTO REALIZA (CPF_CLIENTE, CPF_MECANICO, OS, DATA1, CD_PROMOCAO) VALUES ('097884027-2', '375811200-7', 345, to_date ('30/06/2016', 'dd/mm/yyyy'), 3333);
--marcos atendida por julio 
INSERT INTO REALIZA (CPF_CLIENTE, CPF_MECANICO, OS, DATA1, CD_PROMOCAO) VALUES ('231228461-6', '375811200-7', 878, to_date ('25/12/2016', 'dd/mm/yyyy'), NULL);
--odileia atendido por julio
INSERT INTO REALIZA (CPF_CLIENTE, CPF_MECANICO, OS, DATA1, CD_PROMOCAO) VALUES ('097884027-2', '375811200-7', 567, to_date ('25/05/2016', 'dd/mm/yyyy'), 4444);
--marcos atendido por julio
INSERT INTO REALIZA (CPF_CLIENTE, CPF_MECANICO, OS, DATA1, CD_PROMOCAO) VALUES ('231228461-6', '375811200-7', 192, to_date ('29/04/2016', 'dd/mm/yyyy'), NULL);
--plinio atendido por gustavo
INSERT INTO REALIZA (CPF_CLIENTE, CPF_MECANICO, OS, DATA1, CD_PROMOCAO) VALUES ('389939572-7', '076899121-2', 535, to_date ('12/06/2016', 'dd/mm/yyyy'), 5555);
--plinio atendido por gustavo
INSERT INTO REALIZA (CPF_CLIENTE, CPF_MECANICO, OS, DATA1, CD_PROMOCAO) VALUES ('389939572-7', '076899121-2', 171, to_date ('01/06/2016', 'dd/mm/yyyy'), 4444);
--lucas atendido por soraya
INSERT INTO REALIZA (CPF_CLIENTE, CPF_MECANICO, OS, DATA1, CD_PROMOCAO) VALUES ('501131794-9', '108995138-3', 520, to_date ('11/02/2016', 'dd/mm/yyyy'), NULL);
--KRISTOVAO atendido por gustavo
INSERT INTO REALIZA (CPF_CLIENTE, CPF_MECANICO, OS, DATA1, CD_PROMOCAO) VALUES ('612242803-0', '076899121-2', 143, to_date ('01/07/2016', 'dd/mm/yyyy'), 6666);
--cristina atendida por soraya
INSERT INTO REALIZA (CPF_CLIENTE, CPF_MECANICO, OS, DATA1, CD_PROMOCAO) VALUES ('445678990-2', '108995138-3', 420, to_date ('09/11/2016', 'dd/mm/yyyy'), 3333);











